{
  "type": "FeatureCollection",
  "metadata": {
    "generated_at": "2026-02-28T09:08:28.474Z",
    "description": "Voronoi tessellation of station coverage zones (approximate)",
    "note": "These are theoretical coverage zones based on station locations, not official district boundaries"
  },
  "features": [
    {
      "type": "Feature",
      "properties": {
        "station_id": "Sugar Land Fire Station 1",
        "station_name": "Station 1",
        "district_count": 8,
        "total_incidents": 3549,
        "avg_cross_district_rate": 0.29219498450267684
      },
      "geometry": {
        "type": "Polygon",
        "coordinates": [
          [
            [
              -95.67435028022093,
              29.633306454240127
            ],
            [
              -95.67434922761903,
              29.632127598576723
            ],
            [
              -95.637167087462,
              29.592374816165986
            ],
            [
              -95.6118632209281,
              29.608718104509688
            ],
            [
              -95.60897677046574,
              29.614262636425572
            ],
            [
              -95.63917199659456,
              29.644659056374866
            ],
            [
              -95.63916606344304,
              29.644444255716536
            ],
            [
              -95.63933473405204,
              29.64444263552744
            ],
            [
              -95.6415818126918,
              29.644416119143617
            ],
            [
              -95.64499015927514,
              29.644397485941965
            ],
            [
              -95.6461812544799,
              29.644381275762655
            ],
            [
              -95.6474535592514,
              29.644394538127955
            ],
            [
              -95.64894744324464,
              29.64438492502189
            ],
            [
              -95.65105270354529,
              29.64437134893085
            ],
            [
              -95.65118965599756,
              29.644370235321546
            ],
            [
              -95.65182989295283,
              29.644374221351594
            ],
            [
              -95.65182999835221,
              29.644374221280348
            ],
            [
              -95.65183164756903,
              29.64437428239359
            ],
            [
              -95.65182992807956,
              29.644372330319836
            ],
            [
              -95.65185888637114,
              29.64437293105331
            ],
            [
              -95.65185822943025,
              29.644255510562008
            ],
            [
              -95.6518575427902,
              29.644205472390574
            ],
            [
              -95.65185116344607,
              29.643740414581416
            ],
            [
              -95.65184368817461,
              29.64328086242015
            ],
            [
              -95.651839196251,
              29.64300468900112
            ],
            [
              -95.65183679070547,
              29.64285679799378
            ],
            [
              -95.65183719727455,
              29.64275481555659
            ],
            [
              -95.65183018305669,
              29.642396345848645
            ],
            [
              -95.6518289342779,
              29.642301078172025
            ],
            [
              -95.65182727141568,
              29.642034175958663
            ],
            [
              -95.65182441385774,
              29.641826160281465
            ],
            [
              -95.6518204340833,
              29.641536479082816
            ],
            [
              -95.65181660305285,
              29.64125754829361
            ],
            [
              -95.65181308546315,
              29.64100142755973
            ],
            [
              -95.65180847856703,
              29.640666073789017
            ],
            [
              -95.65178308143221,
              29.638817114716577
            ],
            [
              -95.65408112656883,
              29.638792836506372
            ],
            [
              -95.65439489975113,
              29.638788080580618
            ],
            [
              -95.65537508569358,
              29.638779173675665
            ],
            [
              -95.65538385872745,
              29.63941233561975
            ],
            [
              -95.65539624411355,
              29.6403062580156
            ],
            [
              -95.65540119166923,
              29.64066245890861
            ],
            [
              -95.6554016128894,
              29.640693897173588
            ],
            [
              -95.65697724446635,
              29.6408020458921
            ],
            [
              -95.65873881977392,
              29.640922943542773
            ],
            [
              -95.65906302407068,
              29.640945179995125
            ],
            [
              -95.65919057616031,
              29.6409541091135
            ],
            [
              -95.66005744795424,
              29.641013403742345
            ],
            [
              -95.66117251785978,
              29.64108989390327
            ],
            [
              -95.66141085246834,
              29.641106242007734
            ],
            [
              -95.66174512372135,
              29.641129177070066
            ],
            [
              -95.66181095364257,
              29.640743187358
            ],
            [
              -95.6616740315477,
              29.6403321870926
            ],
            [
              -95.6618316917801,
              29.640284730151183
            ],
            [
              -95.66259834893839,
              29.640009693076124
            ],
            [
              -95.66260343633996,
              29.640380374735244
            ],
            [
              -95.66281945359734,
              29.639986513582837
            ],
            [
              -95.66326615576428,
              29.63929650521813
            ],
            [
              -95.66329461406606,
              29.639252525613443
            ],
            [
              -95.66335240872104,
              29.63916273608456
            ],
            [
              -95.66373405305146,
              29.63856983187188
            ],
            [
              -95.66379328484399,
              29.638467842862973
            ],
            [
              -95.6640903265315,
              29.637731098099824
            ],
            [
              -95.66437276950312,
              29.637039915415777
            ],
            [
              -95.66452727398968,
              29.636638660360404
            ],
            [
              -95.66625902314033,
              29.636181894147107
            ],
            [
              -95.6666361755729,
              29.636113696568803
            ],
            [
              -95.66768439407744,
              29.63584100683979
            ],
            [
              -95.668102921318,
              29.635721527197806
            ],
            [
              -95.6693251214977,
              29.635350340533424
            ],
            [
              -95.67021631369651,
              29.635047177983587
            ],
            [
              -95.67051991671443,
              29.63492071375838
            ],
            [
              -95.67312798215127,
              29.63385936055884
            ],
            [
              -95.67331747009173,
              29.63378171968708
            ],
            [
              -95.67330593353593,
              29.633760494690048
            ],
            [
              -95.67371032723804,
              29.63356779912871
            ],
            [
              -95.67435028022093,
              29.633306454240127
            ]
          ]
        ]
      }
    },
    {
      "type": "Feature",
      "properties": {
        "station_id": "Sugar Land Fire Station 2",
        "station_name": "Station 2",
        "district_count": 4,
        "total_incidents": 2174,
        "avg_cross_district_rate": 0.17479300827966882
      },
      "geometry": {
        "type": "Polygon",
        "coordinates": [
          [
            [
              -95.63944360131892,
              29.656865904354536
            ],
            [
              -95.63943468176186,
              29.656123111851585
            ],
            [
              -95.63942272575225,
              29.655127406561775
            ],
            [
              -95.63938758177882,
              29.653563446030255
            ],
            [
              -95.63930461913738,
              29.649717520555573
            ],
            [
              -95.63927631587939,
              29.64850861065837
            ],
            [
              -95.63922415957839,
              29.646547537269154
            ],
            [
              -95.63917199659456,
              29.644659056374866
            ],
            [
              -95.60897677046574,
              29.614262636425572
            ],
            [
              -95.58240710007593,
              29.620878110083257
            ],
            [
              -95.58241486763963,
              29.621506864879777
            ],
            [
              -95.58246053064609,
              29.623961272906453
            ],
            [
              -95.58410352083574,
              29.623945425599878
            ],
            [
              -95.58521496272095,
              29.62393515365006
            ],
            [
              -95.58658544617376,
              29.62392144746408
            ],
            [
              -95.58657257358453,
              29.621759923620203
            ],
            [
              -95.58667873330548,
              29.621885664379892
            ],
            [
              -95.58694418042707,
              29.62220007214646
            ],
            [
              -95.58743195771288,
              29.62273169132244
            ],
            [
              -95.58755945114392,
              29.622867447743225
            ],
            [
              -95.58777581148277,
              29.623090919290473
            ],
            [
              -95.58787097486612,
              29.623243899423603
            ],
            [
              -95.58824410972578,
              29.623680443391674
            ],
            [
              -95.58847726698974,
              29.623950302941342
            ],
            [
              -95.58928823803295,
              29.623944410454587
            ],
            [
              -95.59048522685278,
              29.623953735048612
            ],
            [
              -95.59043784247311,
              29.628411543821592
            ],
            [
              -95.59053299557489,
              29.62862257867672
            ],
            [
              -95.59063035481356,
              29.628838506026256
            ],
            [
              -95.5907909396855,
              29.62909174545066
            ],
            [
              -95.59106442852908,
              29.63238387656221
            ],
            [
              -95.59174611275704,
              29.632376676242252
            ],
            [
              -95.59333552870076,
              29.632350071354807
            ],
            [
              -95.59452518029185,
              29.63232704178739
            ],
            [
              -95.59468004330863,
              29.63232542395555
            ],
            [
              -95.59574220226264,
              29.63230634251687
            ],
            [
              -95.59600776322434,
              29.63230266832002
            ],
            [
              -95.59638416906795,
              29.632297459279634
            ],
            [
              -95.5964730414588,
              29.63229615858795
            ],
            [
              -95.59703085342339,
              29.632287950048276
            ],
            [
              -95.59754310020571,
              29.632278502211303
            ],
            [
              -95.59759343995852,
              29.632277529044938
            ],
            [
              -95.59771408963954,
              29.632272370559928
            ],
            [
              -95.59772348375623,
              29.63273367617758
            ],
            [
              -95.59773623806349,
              29.633359937714292
            ],
            [
              -95.59773675626818,
              29.63457605613925
            ],
            [
              -95.59773481175172,
              29.63563600942167
            ],
            [
              -95.59773814078348,
              29.6374990802166
            ],
            [
              -95.59774085814068,
              29.63901942302237
            ],
            [
              -95.59774407927851,
              29.64082233477476
            ],
            [
              -95.59774495617008,
              29.643491665906925
            ],
            [
              -95.59772329138123,
              29.646080238023064
            ],
            [
              -95.59772463960451,
              29.647080296091936
            ],
            [
              -95.59772267357681,
              29.649227968498227
            ],
            [
              -95.59773401800473,
              29.6506500915557
            ],
            [
              -95.59774119338756,
              29.65154965591501
            ],
            [
              -95.59774084245763,
              29.6520441173973
            ],
            [
              -95.59774065418758,
              29.652308684332787
            ],
            [
              -95.59774023494819,
              29.652696412312597
            ],
            [
              -95.59774291700847,
              29.653256914710038
            ],
            [
              -95.59774552384425,
              29.653832548762225
            ],
            [
              -95.59774709506178,
              29.654180042412335
            ],
            [
              -95.59775159985895,
              29.655173952301087
            ],
            [
              -95.59775878908466,
              29.65676127410611
            ],
            [
              -95.59776191938825,
              29.657452288046784
            ],
            [
              -95.59777162268733,
              29.659594625362885
            ],
            [
              -95.59777372017493,
              29.66048256535917
            ],
            [
              -95.59801762438154,
              29.660491573912328
            ],
            [
              -95.60056336590829,
              29.660685868624896
            ],
            [
              -95.60053787681534,
              29.65807059843617
            ],
            [
              -95.60544720229912,
              29.657088438827113
            ],
            [
              -95.60554508427515,
              29.660998931659922
            ],
            [
              -95.60586825158056,
              29.661022254879814
            ],
            [
              -95.60620190158473,
              29.661043278686652
            ],
            [
              -95.60660012454105,
              29.661066302298774
            ],
            [
              -95.60688674402307,
              29.66108545883879
            ],
            [
              -95.60714175645943,
              29.661102502157135
            ],
            [
              -95.60737417860395,
              29.661118034640293
            ],
            [
              -95.60756564517459,
              29.66113016573716
            ],
            [
              -95.60775217412882,
              29.661142846609025
            ],
            [
              -95.60788569188496,
              29.661152218921178
            ],
            [
              -95.60807116905006,
              29.661164612736012
            ],
            [
              -95.60832174464404,
              29.66118135723835
            ],
            [
              -95.6085132451015,
              29.661194153977473
            ],
            [
              -95.60886510814775,
              29.66121766527383
            ],
            [
              -95.608965387303,
              29.661215049665337
            ],
            [
              -95.60923875745398,
              29.661242631913456
            ],
            [
              -95.60959432711131,
              29.661255645460763
            ],
            [
              -95.60977864763267,
              29.661266684343925
            ],
            [
              -95.60977850980488,
              29.661258041737426
            ],
            [
              -95.61018896597447,
              29.66128643273496
            ],
            [
              -95.61020224581081,
              29.661287349402453
            ],
            [
              -95.61135750296461,
              29.661368546312715
            ],
            [
              -95.61135946847193,
              29.661368302710272
            ],
            [
              -95.61143378970063,
              29.661372815190926
            ],
            [
              -95.61143182536804,
              29.661383487860107
            ],
            [
              -95.61143484262847,
              29.661381292305148
            ],
            [
              -95.61165398217078,
              29.6613959286931
            ],
            [
              -95.61213841764507,
              29.661425771860518
            ],
            [
              -95.61249706569731,
              29.661447448655885
            ],
            [
              -95.61287549399897,
              29.661470302846823
            ],
            [
              -95.61437217857994,
              29.66156434264555
            ],
            [
              -95.6156509719379,
              29.661642665627873
            ],
            [
              -95.6159338852554,
              29.66166115660822
            ],
            [
              -95.61686991266289,
              29.661723038183638
            ],
            [
              -95.61729435026007,
              29.66175787597763
            ],
            [
              -95.61824914995245,
              29.66182984879789
            ],
            [
              -95.61876766815023,
              29.66186929884116
            ],
            [
              -95.6188597338359,
              29.661871129552438
            ],
            [
              -95.61893251645046,
              29.661875276752063
            ],
            [
              -95.61918340191497,
              29.661889584192778
            ],
            [
              -95.61918858574631,
              29.66185209880726
            ],
            [
              -95.61920632992782,
              29.66169498341903
            ],
            [
              -95.61921823792707,
              29.661560438086763
            ],
            [
              -95.61922933820324,
              29.661435024141664
            ],
            [
              -95.61923077083225,
              29.661083150081954
            ],
            [
              -95.61922756901832,
              29.660875222725846
            ],
            [
              -95.61920353981837,
              29.6596863612514
            ],
            [
              -95.61917690487759,
              29.658591955532714
            ],
            [
              -95.61915767461163,
              29.657819271654574
            ],
            [
              -95.61914371223524,
              29.65748659379388
            ],
            [
              -95.61913701765846,
              29.657016989435505
            ],
            [
              -95.61917528148085,
              29.6570164691978
            ],
            [
              -95.61917548349986,
              29.656964355339934
            ],
            [
              -95.61917756078759,
              29.65643006679467
            ],
            [
              -95.61917842617994,
              29.656017103063597
            ],
            [
              -95.61917203360105,
              29.6556859304726
            ],
            [
              -95.61918389341399,
              29.654697292587905
            ],
            [
              -95.62553729469315,
              29.65458289703148
            ],
            [
              -95.6255205400009,
              29.654236282543227
            ],
            [
              -95.62549490232065,
              29.652891022896387
            ],
            [
              -95.62549179340029,
              29.65272788025642
            ],
            [
              -95.62548009966127,
              29.65211431215611
            ],
            [
              -95.62546645405912,
              29.65139838306895
            ],
            [
              -95.63056186306005,
              29.65133174259947
            ],
            [
              -95.63143088063362,
              29.651319906246126
            ],
            [
              -95.63145018517251,
              29.652146688406564
            ],
            [
              -95.63146811243985,
              29.653022753715593
            ],
            [
              -95.63147053250961,
              29.65348427328001
            ],
            [
              -95.63147739983688,
              29.654159884311756
            ],
            [
              -95.63152282373007,
              29.65690487959086
            ],
            [
              -95.63514384151537,
              29.656917095423076
            ],
            [
              -95.63775811051119,
              29.65688593736607
            ],
            [
              -95.63933637212367,
              29.656866786774
            ],
            [
              -95.63944360131892,
              29.656865904354536
            ]
          ],
          [
            [
              -95.60847881579254,
              29.652896507402446
            ],
            [
              -95.60753095617713,
              29.653065577443996
            ],
            [
              -95.60627580440251,
              29.65331492420343
            ],
            [
              -95.60627793153331,
              29.652969580386316
            ],
            [
              -95.6062783308144,
              29.652620566838586
            ],
            [
              -95.60627291775664,
              29.65227063594674
            ],
            [
              -95.60622709386328,
              29.649866374547322
            ],
            [
              -95.60843497989976,
              29.64945181599291
            ],
            [
              -95.60847881579254,
              29.652896507402446
            ]
          ]
        ]
      }
    },
    {
      "type": "Feature",
      "properties": {
        "station_id": "Sugar Land Fire Station 3",
        "station_name": "Station 3",
        "district_count": 3,
        "total_incidents": 1191,
        "avg_cross_district_rate": 0.49538203190596136
      },
      "geometry": {
        "type": "Polygon",
        "coordinates": [
          [
            [
              -95.6118632209281,
              29.608718104509688
            ],
            [
              -95.59882222351052,
              29.55967052574107
            ],
            [
              -95.5964301203741,
              29.557015835999515
            ],
            [
              -95.59572470379167,
              29.557034659936587
            ],
            [
              -95.59578201876057,
              29.556296590796958
            ],
            [
              -95.59385342680515,
              29.55415629291359
            ],
            [
              -95.5928395072559,
              29.554092382294076
            ],
            [
              -95.59281008136261,
              29.552998417067418
            ],
            [
              -95.59261766551303,
              29.55278487929214
            ],
            [
              -95.59267558897014,
              29.554797649387258
            ],
            [
              -95.591514275708,
              29.55476804748552
            ],
            [
              -95.59137702881657,
              29.554289867560538
            ],
            [
              -95.5912786462615,
              29.553526127323952
            ],
            [
              -95.59132369362712,
              29.551783605020475
            ],
            [
              -95.59170733858448,
              29.551774623704972
            ],
            [
              -95.59145006729018,
              29.55148911115521
            ],
            [
              -95.59052761105093,
              29.551510613892926
            ],
            [
              -95.5887087778264,
              29.551554470133453
            ],
            [
              -95.58873583436045,
              29.552464326400038
            ],
            [
              -95.58876845847466,
              29.553533780654
            ],
            [
              -95.5887903226543,
              29.554250592555267
            ],
            [
              -95.58882508003417,
              29.555390055244295
            ],
            [
              -95.58883593294097,
              29.5557458480824
            ],
            [
              -95.58885143996437,
              29.556254174006128
            ],
            [
              -95.58886746311953,
              29.556779430713167
            ],
            [
              -95.58889259384203,
              29.557605595229298
            ],
            [
              -95.58890529379372,
              29.558100257955807
            ],
            [
              -95.58892408198267,
              29.55863555214197
            ],
            [
              -95.58899584125263,
              29.560987760391317
            ],
            [
              -95.58904029372724,
              29.562444870038178
            ],
            [
              -95.58905540302617,
              29.56294011267332
            ],
            [
              -95.58907049441405,
              29.563434782505794
            ],
            [
              -95.58908242189923,
              29.563825751639524
            ],
            [
              -95.5890958015433,
              29.564273981894836
            ],
            [
              -95.58920270017937,
              29.567107010816432
            ],
            [
              -95.58901398392815,
              29.567110137628823
            ],
            [
              -95.5890205267626,
              29.567369800088024
            ],
            [
              -95.58548748011387,
              29.565991073401477
            ],
            [
              -95.58478214352444,
              29.565945722794257
            ],
            [
              -95.5817220914627,
              29.568528917880677
            ],
            [
              -95.58182277692183,
              29.57258030152614
            ],
            [
              -95.58190510215859,
              29.574166137189003
            ],
            [
              -95.5819339789712,
              29.575317268493787
            ],
            [
              -95.58193545451715,
              29.575371180516676
            ],
            [
              -95.58313002950523,
              29.576184131277284
            ],
            [
              -95.58463744442447,
              29.577234262371675
            ],
            [
              -95.58460306996523,
              29.577498269688387
            ],
            [
              -95.58454882001732,
              29.57774895713253
            ],
            [
              -95.58445013508411,
              29.57809551673415
            ],
            [
              -95.58432740703,
              29.57843024765029
            ],
            [
              -95.58420835706518,
              29.578698966215825
            ],
            [
              -95.5840449644794,
              29.578996836409736
            ],
            [
              -95.58390979493703,
              29.57922296273293
            ],
            [
              -95.5837002771093,
              29.579529590949832
            ],
            [
              -95.58350243858743,
              29.57978222138747
            ],
            [
              -95.5829917970939,
              29.580337148764816
            ],
            [
              -95.58289356194254,
              29.58033078394494
            ],
            [
              -95.5827609984445,
              29.58061340268308
            ],
            [
              -95.58261502895792,
              29.5807698681191
            ],
            [
              -95.58136511633853,
              29.582221978725798
            ],
            [
              -95.58077531031364,
              29.58340692116489
            ],
            [
              -95.58068637543475,
              29.583826228720316
            ],
            [
              -95.58058589780899,
              29.58425212208685
            ],
            [
              -95.5805151512188,
              29.584702246298068
            ],
            [
              -95.5805041753925,
              29.58519763397251
            ],
            [
              -95.58052329919994,
              29.585779043427465
            ],
            [
              -95.58063671378197,
              29.586597222731378
            ],
            [
              -95.58073277420846,
              29.58701296973455
            ],
            [
              -95.58084159348181,
              29.587381382439897
            ],
            [
              -95.5810447403253,
              29.587931590948944
            ],
            [
              -95.58131850038663,
              29.588562020172997
            ],
            [
              -95.5814913003173,
              29.58908996713712
            ],
            [
              -95.58164710771884,
              29.589738940989804
            ],
            [
              -95.58172653668694,
              29.590093386665405
            ],
            [
              -95.58173902773079,
              29.59025107223651
            ],
            [
              -95.58175701065939,
              29.590433625497468
            ],
            [
              -95.58180337987852,
              29.590904355837406
            ],
            [
              -95.5818194133306,
              29.591500165577322
            ],
            [
              -95.5818387174008,
              29.592710002842175
            ],
            [
              -95.58186900259233,
              29.594653662339187
            ],
            [
              -95.58193038032687,
              29.59894461035361
            ],
            [
              -95.58193939153242,
              29.599350491650444
            ],
            [
              -95.5819885915958,
              29.602962685747663
            ],
            [
              -95.58203032695506,
              29.605981795635557
            ],
            [
              -95.58205457168016,
              29.606117879738836
            ],
            [
              -95.58213590101651,
              29.606386882675015
            ],
            [
              -95.58219648972982,
              29.606532638262095
            ],
            [
              -95.58223010319917,
              29.607918453070322
            ],
            [
              -95.58226137574779,
              29.609136567038394
            ],
            [
              -95.58224354836041,
              29.60918641916459
            ],
            [
              -95.58228170149046,
              29.610475172226767
            ],
            [
              -95.58232112303132,
              29.614538254329094
            ],
            [
              -95.5823472906091,
              29.616412457556613
            ],
            [
              -95.58237827299554,
              29.618544667353426
            ],
            [
              -95.58240710007593,
              29.620878110083257
            ],
            [
              -95.60897677046574,
              29.614262636425572
            ],
            [
              -95.6118632209281,
              29.608718104509688
            ]
          ],
          [
            [
              -95.59407311850978,
              29.557025030020597
            ],
            [
              -95.59394322917221,
              29.558595900418673
            ],
            [
              -95.59299457871525,
              29.55932023075864
            ],
            [
              -95.59292644900644,
              29.556955277337714
            ],
            [
              -95.59407311850978,
              29.557025030020597
            ]
          ]
        ]
      }
    },
    {
      "type": "Feature",
      "properties": {
        "station_id": "Sugar Land Fire Station 4",
        "station_name": "Station 4",
        "district_count": 7,
        "total_incidents": 2279,
        "avg_cross_district_rate": 0.2948661693725318
      },
      "geometry": {
        "type": "Polygon",
        "coordinates": [
          [
            [
              -95.63937149626598,
              29.57958723295233
            ],
            [
              -95.59882222351052,
              29.55967052574107
            ],
            [
              -95.6118632209281,
              29.608718104509688
            ],
            [
              -95.637167087462,
              29.592374816165986
            ],
            [
              -95.63937149626598,
              29.57958723295233
            ]
          ]
        ]
      }
    },
    {
      "type": "Feature",
      "properties": {
        "station_id": "Sugar Land Fire Station 5",
        "station_name": "Station 5",
        "district_count": 4,
        "total_incidents": 1046,
        "avg_cross_district_rate": 0.2552581261950287
      },
      "geometry": {
        "type": "Polygon",
        "coordinates": [
          [
            [
              -95.66281459718607,
              29.56070431377705
            ],
            [
              -95.66089782461361,
              29.54298824624942
            ],
            [
              -95.66062245853979,
              29.543098902682413
            ],
            [
              -95.66023655938791,
              29.543125550840518
            ],
            [
              -95.66011709652699,
              29.543363026035184
            ],
            [
              -95.65405235412213,
              29.55541730950133
            ],
            [
              -95.65340557422287,
              29.550857583616498
            ],
            [
              -95.65121753645842,
              29.54756874389129
            ],
            [
              -95.64802831932667,
              29.544861405138985
            ],
            [
              -95.64333662213062,
              29.5433517519793
            ],
            [
              -95.64107862664713,
              29.54259594646806
            ],
            [
              -95.63874551990159,
              29.54133733774985
            ],
            [
              -95.63558800095919,
              29.54618562114217
            ],
            [
              -95.63491538458177,
              29.547261580013206
            ],
            [
              -95.63431177662962,
              29.548231975145548
            ],
            [
              -95.63405248724351,
              29.548106191783457
            ],
            [
              -95.63375591565597,
              29.547989094330468
            ],
            [
              -95.63360292394687,
              29.547918076323885
            ],
            [
              -95.63346223491662,
              29.5478592170066
            ],
            [
              -95.63324719330166,
              29.547779135298814
            ],
            [
              -95.6330435896789,
              29.547714774810157
            ],
            [
              -95.63287810640973,
              29.547670059753486
            ],
            [
              -95.63276907291757,
              29.54764488046851
            ],
            [
              -95.63245469788637,
              29.547582987524997
            ],
            [
              -95.63204420921949,
              29.547443880034237
            ],
            [
              -95.63152169387575,
              29.54726543593734
            ],
            [
              -95.63116504905109,
              29.547101223483285
            ],
            [
              -95.63091871627933,
              29.546999135402203
            ],
            [
              -95.63063197490695,
              29.54689133934646
            ],
            [
              -95.63038464325194,
              29.546807842320643
            ],
            [
              -95.630168449655,
              29.5468244783808
            ],
            [
              -95.62782228791579,
              29.545257535948576
            ],
            [
              -95.6279296091852,
              29.545030461773962
            ],
            [
              -95.62781116601536,
              29.54487515168543
            ],
            [
              -95.62770185267037,
              29.54474125434462
            ],
            [
              -95.62751330952267,
              29.54453581532349
            ],
            [
              -95.62734172788308,
              29.544366672647683
            ],
            [
              -95.62723425290008,
              29.544154243305666
            ],
            [
              -95.62712099676958,
              29.543946435851133
            ],
            [
              -95.62685294021028,
              29.54352115489387
            ],
            [
              -95.62682831886163,
              29.54348758864052
            ],
            [
              -95.62682725408376,
              29.54348603899898
            ],
            [
              -95.62682563078921,
              29.543483677320022
            ],
            [
              -95.62682539513827,
              29.54348334190583
            ],
            [
              -95.62682372198806,
              29.543480958207976
            ],
            [
              -95.62682183086005,
              29.54347826662146
            ],
            [
              -95.62682051955176,
              29.543476398441722
            ],
            [
              -95.62681861172278,
              29.54347368115946
            ],
            [
              -95.62681745718129,
              29.543472036279812
            ],
            [
              -95.62681596733745,
              29.543469916268375
            ],
            [
              -95.62681297998354,
              29.543465689591866
            ],
            [
              -95.62681034344355,
              29.543461905942785
            ],
            [
              -95.62680802346172,
              29.543458602368506
            ],
            [
              -95.62680586616747,
              29.5434555303676
            ],
            [
              -95.62680398099096,
              29.543452846152164
            ],
            [
              -95.62680232460232,
              29.54345048634591
            ],
            [
              -95.62680026292347,
              29.54344755125273
            ],
            [
              -95.62679811255218,
              29.543444488452856
            ],
            [
              -95.62679466954833,
              29.543439585926425
            ],
            [
              -95.62679029089422,
              29.54343335004229
            ],
            [
              -95.6267873977493,
              29.543429240379062
            ],
            [
              -95.6267843068087,
              29.543424930752174
            ],
            [
              -95.62678124152508,
              29.543420656976092
            ],
            [
              -95.62677721209815,
              29.543415037388844
            ],
            [
              -95.62677337705546,
              29.543409689891465
            ],
            [
              -95.62677034137657,
              29.543405457481434
            ],
            [
              -95.6267665605637,
              29.543400187174978
            ],
            [
              -95.62676261108369,
              29.543394678825535
            ],
            [
              -95.62675940859276,
              29.543390214737656
            ],
            [
              -95.62675489652159,
              29.54338392403494
            ],
            [
              -95.62675115029275,
              29.543378700635916
            ],
            [
              -95.62674357919985,
              29.543369854969885
            ],
            [
              -95.6265765407916,
              29.543147746046767
            ],
            [
              -95.62640897816274,
              29.542942796683953
            ],
            [
              -95.6261049966794,
              29.54261200926476
            ],
            [
              -95.62596392610989,
              29.54242545591405
            ],
            [
              -95.6258221999319,
              29.542181244948534
            ],
            [
              -95.62575503807004,
              29.542064167171244
            ],
            [
              -95.62565779138853,
              29.5418295625289
            ],
            [
              -95.6256428538404,
              29.54179895921227
            ],
            [
              -95.6255869190191,
              29.541693215883104
            ],
            [
              -95.62553468081728,
              29.54160442563075
            ],
            [
              -95.62543862720693,
              29.54146077093733
            ],
            [
              -95.6253863985123,
              29.541391246247777
            ],
            [
              -95.625309268,
              29.541296247415932
            ],
            [
              -95.6252862466834,
              29.541269748399387
            ],
            [
              -95.62517388144418,
              29.541149528161657
            ],
            [
              -95.6251673105457,
              29.541142945324985
            ],
            [
              -95.62501057136565,
              29.540997744992
            ],
            [
              -95.62480536541572,
              29.540839639727785
            ],
            [
              -95.62472421494863,
              29.54071866439797
            ],
            [
              -95.62470519526346,
              29.540694251229734
            ],
            [
              -95.62456010264384,
              29.54054069417056
            ],
            [
              -95.62440900326725,
              29.540422730490832
            ],
            [
              -95.62429098381538,
              29.540351324982833
            ],
            [
              -95.6242389540659,
              29.54032430460158
            ],
            [
              -95.62396307643509,
              29.540002568180707
            ],
            [
              -95.62380394561697,
              29.539844933204947
            ],
            [
              -95.62372136631681,
              29.53978835276034
            ],
            [
              -95.62365097962567,
              29.539736131277675
            ],
            [
              -95.62334499089013,
              29.539470954504825
            ],
            [
              -95.6232362103919,
              29.539352744773915
            ],
            [
              -95.62263413606209,
              29.53887763748439
            ],
            [
              -95.62206485929936,
              29.53836569974856
            ],
            [
              -95.62159027202544,
              29.538083367246177
            ],
            [
              -95.62143305259671,
              29.537991007173858
            ],
            [
              -95.62128700647993,
              29.537903204249837
            ],
            [
              -95.62090453145908,
              29.537630903761812
            ],
            [
              -95.61833336577772,
              29.53539667182045
            ],
            [
              -95.6177964217727,
              29.534646185002217
            ],
            [
              -95.61714466926568,
              29.53410063267846
            ],
            [
              -95.61687735269113,
              29.533112545897477
            ],
            [
              -95.61680412025028,
              29.53271389978267
            ],
            [
              -95.61665773102443,
              29.531839820822505
            ],
            [
              -95.61668022247557,
              29.531160136371582
            ],
            [
              -95.61649184057417,
              29.530324030601037
            ],
            [
              -95.61639827508499,
              29.529887080369697
            ],
            [
              -95.616537032103,
              29.529183663649256
            ],
            [
              -95.61663192092668,
              29.52870262898201
            ],
            [
              -95.6167031133721,
              29.528436850480507
            ],
            [
              -95.61651053216958,
              29.528198201993103
            ],
            [
              -95.61635051903512,
              29.52798471954464
            ],
            [
              -95.61630202979285,
              29.52771409767284
            ],
            [
              -95.61623587669456,
              29.52734489228349
            ],
            [
              -95.61621205563789,
              29.52725645502404
            ],
            [
              -95.61606125027342,
              29.52685827431872
            ],
            [
              -95.61594258994619,
              29.52645290589321
            ],
            [
              -95.6155727345934,
              29.526299064961847
            ],
            [
              -95.6154192959971,
              29.526233534052537
            ],
            [
              -95.61527352072127,
              29.52617150614093
            ],
            [
              -95.61500940013302,
              29.52605845998051
            ],
            [
              -95.6150097122406,
              29.525977727524758
            ],
            [
              -95.61358409409063,
              29.52540636045344
            ],
            [
              -95.61249314151857,
              29.52526253647498
            ],
            [
              -95.61114856722749,
              29.525259259606198
            ],
            [
              -95.61031281765712,
              29.525440821824294
            ],
            [
              -95.6095588650049,
              29.52573115263672
            ],
            [
              -95.60924647279003,
              29.525890216804644
            ],
            [
              -95.60810474436944,
              29.526540270991084
            ],
            [
              -95.60612523221903,
              29.528247226785293
            ],
            [
              -95.6053846481429,
              29.529078688430424
            ],
            [
              -95.60453988372947,
              29.52979413657744
            ],
            [
              -95.60340582121596,
              29.530471983515298
            ],
            [
              -95.60340010512083,
              29.53047540020038
            ],
            [
              -95.60372374195579,
              29.529307210061084
            ],
            [
              -95.60437737887406,
              29.52692396811147
            ],
            [
              -95.60926007225318,
              29.52560373160863
            ],
            [
              -95.61349036514356,
              29.524423747579466
            ],
            [
              -95.61514233210423,
              29.52396690979237
            ],
            [
              -95.61513425105063,
              29.51960694598301
            ],
            [
              -95.61500859481845,
              29.51366443889096
            ],
            [
              -95.61327352711133,
              29.51284872790708
            ],
            [
              -95.6126584295725,
              29.512541277112646
            ],
            [
              -95.61265876304614,
              29.513015008375287
            ],
            [
              -95.61265430636031,
              29.513548549697497
            ],
            [
              -95.61266783639195,
              29.514103586963923
            ],
            [
              -95.61266484853007,
              29.514549476084362
            ],
            [
              -95.61267078939923,
              29.515013410013054
            ],
            [
              -95.61267387865068,
              29.51535182030131
            ],
            [
              -95.61273283280642,
              29.517628119813047
            ],
            [
              -95.61273867819506,
              29.51803207534613
            ],
            [
              -95.61274458266702,
              29.51844004377731
            ],
            [
              -95.61274991785099,
              29.51880871203536
            ],
            [
              -95.61275608255387,
              29.519234718592973
            ],
            [
              -95.61276136314915,
              29.51959955359967
            ],
            [
              -95.61276721664801,
              29.520004049862184
            ],
            [
              -95.61277366462261,
              29.520449581769725
            ],
            [
              -95.61277932481595,
              29.520840661294493
            ],
            [
              -95.61278542751946,
              29.521262315259726
            ],
            [
              -95.61279772099873,
              29.522111755288936
            ],
            [
              -95.61281060666833,
              29.523050039378656
            ],
            [
              -95.6123893809762,
              29.52316357674481
            ],
            [
              -95.61197613031644,
              29.5232749643894
            ],
            [
              -95.61158285795594,
              29.523380963678072
            ],
            [
              -95.61040975182306,
              29.523697148944482
            ],
            [
              -95.60926013530619,
              29.524017491711803
            ],
            [
              -95.60293453125536,
              29.525738845595612
            ],
            [
              -95.60156578531912,
              29.5308438834459
            ],
            [
              -95.60151467524145,
              29.53084357625549
            ],
            [
              -95.60127611305509,
              29.531938965229525
            ],
            [
              -95.60025566965999,
              29.53619381545205
            ],
            [
              -95.60013410447853,
              29.536655594649467
            ],
            [
              -95.59927609198512,
              29.540202942062745
            ],
            [
              -95.59871010861177,
              29.54241983328248
            ],
            [
              -95.59825339588498,
              29.543251591501004
            ],
            [
              -95.59556211317523,
              29.54855580448361
            ],
            [
              -95.5949391661132,
              29.549759061055436
            ],
            [
              -95.59456222272239,
              29.55050190683121
            ],
            [
              -95.5945130989135,
              29.551416726971606
            ],
            [
              -95.59257200017913,
              29.551462958555643
            ],
            [
              -95.59145006729018,
              29.55148911115521
            ],
            [
              -95.59170733858448,
              29.551774623704972
            ],
            [
              -95.59258799909144,
              29.551754007013123
            ],
            [
              -95.59261766551303,
              29.55278487929214
            ],
            [
              -95.59281008136261,
              29.552998417067418
            ],
            [
              -95.59277648867732,
              29.55174954318549
            ],
            [
              -95.59449099694532,
              29.551693368622097
            ],
            [
              -95.59429291679002,
              29.55418399538488
            ],
            [
              -95.59385342680515,
              29.55415629291359
            ],
            [
              -95.59578201876057,
              29.556296590796958
            ],
            [
              -95.59581051918961,
              29.555929578696215
            ],
            [
              -95.59673280015893,
              29.55591923630047
            ],
            [
              -95.59667973875715,
              29.554405200229937
            ],
            [
              -95.59664013619607,
              29.55324476679173
            ],
            [
              -95.59657367375398,
              29.551367097517986
            ],
            [
              -95.59614124608655,
              29.551376845574943
            ],
            [
              -95.59647017672337,
              29.550347054386005
            ],
            [
              -95.59715165812887,
              29.5490052573215
            ],
            [
              -95.59965342603988,
              29.5440804907636
            ],
            [
              -95.60027225725665,
              29.542860722393137
            ],
            [
              -95.60028895995006,
              29.542806080214685
            ],
            [
              -95.60066842923463,
              29.541319663161033
            ],
            [
              -95.60195881301757,
              29.536208839341466
            ],
            [
              -95.60303299908851,
              29.536131227687054
            ],
            [
              -95.60458341178627,
              29.53558155164742
            ],
            [
              -95.60567549799154,
              29.53478124668027
            ],
            [
              -95.60566836397018,
              29.533692998614644
            ],
            [
              -95.60689362572379,
              29.533035071508117
            ],
            [
              -95.60785439759334,
              29.532612831044833
            ],
            [
              -95.60825515255029,
              29.53239310952574
            ],
            [
              -95.60921792805833,
              29.532840566051735
            ],
            [
              -95.60951432980163,
              29.53293246656408
            ],
            [
              -95.60982196791592,
              29.532989517947897
            ],
            [
              -95.61059030396349,
              29.53301741791174
            ],
            [
              -95.61398523971192,
              29.532394911520537
            ],
            [
              -95.61478257512357,
              29.533990583260557
            ],
            [
              -95.61508520475203,
              29.534656829768277
            ],
            [
              -95.61550625446351,
              29.53536199812381
            ],
            [
              -95.61579402867858,
              29.535897147037595
            ],
            [
              -95.61575771267216,
              29.53593745406085
            ],
            [
              -95.61558563457241,
              29.536458314233634
            ],
            [
              -95.6156327255103,
              29.53690879859983
            ],
            [
              -95.61564182760618,
              29.537017601755473
            ],
            [
              -95.61575219173027,
              29.537355605948456
            ],
            [
              -95.61591700175637,
              29.53767854975702
            ],
            [
              -95.61612499913758,
              29.538253665436674
            ],
            [
              -95.61624378266399,
              29.538907288265214
            ],
            [
              -95.61627331090473,
              29.539241399146352
            ],
            [
              -95.61645860063781,
              29.53964580623317
            ],
            [
              -95.61654912413421,
              29.539847404898318
            ],
            [
              -95.6167941329109,
              29.54020980725323
            ],
            [
              -95.61717678956869,
              29.540581790078086
            ],
            [
              -95.6173496737689,
              29.540750937045125
            ],
            [
              -95.61778191457991,
              29.541124940579085
            ],
            [
              -95.61811018042954,
              29.541409607981677
            ],
            [
              -95.6186665753319,
              29.5417721924044
            ],
            [
              -95.61939492852183,
              29.54194011783738
            ],
            [
              -95.61997413323166,
              29.54224810830574
            ],
            [
              -95.62047574683308,
              29.54282909250101
            ],
            [
              -95.62083690829196,
              29.544000044505
            ],
            [
              -95.62057697413675,
              29.544032413035968
            ],
            [
              -95.62030948016631,
              29.544178263360152
            ],
            [
              -95.61998384484079,
              29.544228734638992
            ],
            [
              -95.61971146835478,
              29.54436657295643
            ],
            [
              -95.61961377674719,
              29.544495348631717
            ],
            [
              -95.61940171023954,
              29.54471835574096
            ],
            [
              -95.61905623869214,
              29.54489606911098
            ],
            [
              -95.61881338348832,
              29.54510862123536
            ],
            [
              -95.61858664069266,
              29.54532666416232
            ],
            [
              -95.61849770270804,
              29.5455914877262
            ],
            [
              -95.61844247991031,
              29.545867760167873
            ],
            [
              -95.6183168924106,
              29.546120139745437
            ],
            [
              -95.61823528611473,
              29.54638744490569
            ],
            [
              -95.61818775849606,
              29.546610998101325
            ],
            [
              -95.61814746251045,
              29.546884689005303
            ],
            [
              -95.61808234639616,
              29.5471574001004
            ],
            [
              -95.6180398508313,
              29.547431003727706
            ],
            [
              -95.61805422417848,
              29.54770685987578
            ],
            [
              -95.61805854239327,
              29.54798231726455
            ],
            [
              -95.61804903586018,
              29.54825723361779
            ],
            [
              -95.6181494221933,
              29.548811799320074
            ],
            [
              -95.61812420642981,
              29.54908609536495
            ],
            [
              -95.61834083130276,
              29.54985249684498
            ],
            [
              -95.6181877157889,
              29.550527364172275
            ],
            [
              -95.61817603635218,
              29.550612662249673
            ],
            [
              -95.61817041992143,
              29.550696807518342
            ],
            [
              -95.6181732088305,
              29.551241668833192
            ],
            [
              -95.61224149546284,
              29.55139498448834
            ],
            [
              -95.60877960157933,
              29.55148411662723
            ],
            [
              -95.60883309430864,
              29.55317100429043
            ],
            [
              -95.60883259336832,
              29.553228803195953
            ],
            [
              -95.60884206102536,
              29.55403115289199
            ],
            [
              -95.60891049898333,
              29.555339640124533
            ],
            [
              -95.6089801358839,
              29.556670267888407
            ],
            [
              -95.60704426997506,
              29.556691554747335
            ],
            [
              -95.60399665107384,
              29.556788519968652
            ],
            [
              -95.60213952389059,
              29.556845252988353
            ],
            [
              -95.59942159738873,
              29.556928948059177
            ],
            [
              -95.5967680346975,
              29.55700681880582
            ],
            [
              -95.5964301203741,
              29.557015835999515
            ],
            [
              -95.59882222351052,
              29.55967052574107
            ],
            [
              -95.63937149626598,
              29.57958723295233
            ],
            [
              -95.66281459718607,
              29.56070431377705
            ]
          ]
        ]
      }
    },
    {
      "type": "Feature",
      "properties": {
        "station_id": "Sugar Land Fire Station 6",
        "station_name": "Station 6",
        "district_count": 4,
        "total_incidents": 2215,
        "avg_cross_district_rate": 0.11286681715575621
      },
      "geometry": {
        "type": "Polygon",
        "coordinates": [
          [
            [
              -95.6980950218879,
              29.545914662986114
            ],
            [
              -95.69762823884662,
              29.54572792244058
            ],
            [
              -95.6972143651747,
              29.545562924671838
            ],
            [
              -95.6968675245902,
              29.545425408746347
            ],
            [
              -95.69644489758352,
              29.54525740223162
            ],
            [
              -95.69618015099533,
              29.545149238286843
            ],
            [
              -95.69601303268209,
              29.545087358993054
            ],
            [
              -95.69562521970208,
              29.544942141484334
            ],
            [
              -95.69528694448202,
              29.544807963363514
            ],
            [
              -95.69493644984192,
              29.54466535766235
            ],
            [
              -95.69442373401921,
              29.544464027217607
            ],
            [
              -95.69408020889402,
              29.544326774461826
            ],
            [
              -95.69373861290923,
              29.54419198125638
            ],
            [
              -95.6930290969927,
              29.543911331853046
            ],
            [
              -95.69247371581116,
              29.544986684378443
            ],
            [
              -95.6922322903764,
              29.545452975702457
            ],
            [
              -95.69192597476527,
              29.546046198172597
            ],
            [
              -95.69131465256893,
              29.547237508881317
            ],
            [
              -95.6909068111666,
              29.547076047376294
            ],
            [
              -95.69047889491799,
              29.546906637334114
            ],
            [
              -95.69013368867574,
              29.546769970241957
            ],
            [
              -95.68977788935898,
              29.5466291080891
            ],
            [
              -95.6893387407688,
              29.546455246022663
            ],
            [
              -95.68921859574776,
              29.546327999268197
            ],
            [
              -95.68916949535549,
              29.5463608916363
            ],
            [
              -95.68914184745442,
              29.54633522195413
            ],
            [
              -95.68908152898302,
              29.54628555716876
            ],
            [
              -95.68906300361166,
              29.54627311499571
            ],
            [
              -95.68902483946115,
              29.546247739114264
            ],
            [
              -95.68898001381154,
              29.546221345274876
            ],
            [
              -95.6889396160898,
              29.546200327073688
            ],
            [
              -95.68890201587067,
              29.546182880380766
            ],
            [
              -95.68886681760172,
              29.546168309396364
            ],
            [
              -95.68863396614141,
              29.546075791217028
            ],
            [
              -95.6884618812903,
              29.546007722707586
            ],
            [
              -95.6883774813718,
              29.545973751161018
            ],
            [
              -95.68836160723609,
              29.545965861578434
            ],
            [
              -95.68834612188466,
              29.545957060025884
            ],
            [
              -95.68833407532571,
              29.545949304049476
            ],
            [
              -95.6883214083262,
              29.545940083063446
            ],
            [
              -95.68830843572475,
              29.54592920628405
            ],
            [
              -95.68829676289711,
              29.54591803945184
            ],
            [
              -95.68828461647004,
              29.54590463497499
            ],
            [
              -95.68827521533221,
              29.545892684044595
            ],
            [
              -95.68826636458722,
              29.545879899164838
            ],
            [
              -95.68825752239546,
              29.545864619595207
            ],
            [
              -95.68825135185014,
              29.545852174595854
            ],
            [
              -95.68824569973772,
              29.545838639408473
            ],
            [
              -95.68824096277595,
              29.545824386720778
            ],
            [
              -95.68823662973446,
              29.5458071933018
            ],
            [
              -95.68823422912561,
              29.545793028266402
            ],
            [
              -95.68823256657467,
              29.545773733746234
            ],
            [
              -95.6882326358947,
              29.545756998684602
            ],
            [
              -95.68823407074882,
              29.545739823556985
            ],
            [
              -95.68823686508348,
              29.54572331936511
            ],
            [
              -95.68824075288275,
              29.545707954309837
            ],
            [
              -95.68824539028182,
              29.54569392296874
            ],
            [
              -95.68825127086298,
              29.54567959566157
            ],
            [
              -95.68825672496448,
              29.545668363780802
            ],
            [
              -95.68827616104664,
              29.545646471384625
            ],
            [
              -95.68797590290501,
              29.545527168316
            ],
            [
              -95.68835447397898,
              29.544795372246824
            ],
            [
              -95.68656789856456,
              29.544093049379125
            ],
            [
              -95.68648438795275,
              29.54402460323204
            ],
            [
              -95.68628238802388,
              29.543941859959634
            ],
            [
              -95.68601087464288,
              29.543832781178867
            ],
            [
              -95.6858971614317,
              29.543788018807554
            ],
            [
              -95.68583613164371,
              29.54376398882466
            ],
            [
              -95.685659878952,
              29.543698021093324
            ],
            [
              -95.6854897031542,
              29.543633082934523
            ],
            [
              -95.68531689098693,
              29.54356436031043
            ],
            [
              -95.68502144954311,
              29.543447762114013
            ],
            [
              -95.685006242879,
              29.543477885402822
            ],
            [
              -95.68483276683973,
              29.543412940387363
            ],
            [
              -95.6848531799764,
              29.543357137843042
            ],
            [
              -95.6858388992254,
              29.541404368158286
            ],
            [
              -95.68492786741902,
              29.541040658696147
            ],
            [
              -95.68459463275563,
              29.541692677909694
            ],
            [
              -95.68363089462264,
              29.541310349911424
            ],
            [
              -95.68393021583539,
              29.54057363536576
            ],
            [
              -95.6837611873917,
              29.540504321974048
            ],
            [
              -95.68382565846254,
              29.54037457101527
            ],
            [
              -95.68188852788876,
              29.539633032898557
            ],
            [
              -95.68034294359748,
              29.54257739770316
            ],
            [
              -95.67919928752288,
              29.542621046128374
            ],
            [
              -95.67880025817996,
              29.542756715543955
            ],
            [
              -95.67824845681454,
              29.542840591370656
            ],
            [
              -95.67819417110196,
              29.542965755554977
            ],
            [
              -95.67726331106455,
              29.542899135452288
            ],
            [
              -95.67687707603477,
              29.54278550164133
            ],
            [
              -95.67643088959944,
              29.54362956997646
            ],
            [
              -95.67545892459019,
              29.545468220633563
            ],
            [
              -95.67467635163496,
              29.545265592867445
            ],
            [
              -95.67599701563623,
              29.542764937958648
            ],
            [
              -95.67604476415696,
              29.542674520066498
            ],
            [
              -95.67608739252674,
              29.542598358519292
            ],
            [
              -95.67619987019178,
              29.542374143026287
            ],
            [
              -95.67624039640506,
              29.54231281649567
            ],
            [
              -95.67567434574669,
              29.54201747116782
            ],
            [
              -95.67430845117312,
              29.541264285080373
            ],
            [
              -95.67302641935967,
              29.54092415573129
            ],
            [
              -95.67228962729155,
              29.540752589110948
            ],
            [
              -95.67201180515008,
              29.54067307906639
            ],
            [
              -95.67517055563165,
              29.534173153585805
            ],
            [
              -95.67485203750303,
              29.534129901766565
            ],
            [
              -95.67455161033972,
              29.53474417086862
            ],
            [
              -95.67393024051024,
              29.534659391966184
            ],
            [
              -95.67354142077171,
              29.535456738090126
            ],
            [
              -95.67416279509393,
              29.53554151968671
            ],
            [
              -95.67348449121982,
              29.53693249284339
            ],
            [
              -95.67072345899531,
              29.535966925664948
            ],
            [
              -95.66806880657542,
              29.54114723479331
            ],
            [
              -95.66698164942584,
              29.5411583885922
            ],
            [
              -95.66670320824865,
              29.541273446487494
            ],
            [
              -95.6660410569063,
              29.541381567907266
            ],
            [
              -95.66589029042939,
              29.541407895551355
            ],
            [
              -95.66515276441697,
              29.541385099624602
            ],
            [
              -95.66474463418824,
              29.54138305165753
            ],
            [
              -95.66461465456621,
              29.541379807532493
            ],
            [
              -95.66436600511926,
              29.54138539504396
            ],
            [
              -95.66401160842253,
              29.541612697730766
            ],
            [
              -95.66355243990142,
              29.54197555524184
            ],
            [
              -95.66326787839189,
              29.542291832283155
            ],
            [
              -95.66291642049917,
              29.542473106381788
            ],
            [
              -95.6624454087097,
              29.542591639237457
            ],
            [
              -95.6623746854023,
              29.542588768133164
            ],
            [
              -95.66224930852563,
              29.542583679698694
            ],
            [
              -95.6622061475639,
              29.542581927096215
            ],
            [
              -95.66188291585803,
              29.54253836484064
            ],
            [
              -95.66176339067061,
              29.54252275905859
            ],
            [
              -95.6616331610917,
              29.542505754891035
            ],
            [
              -95.66146258331975,
              29.5425239917008
            ],
            [
              -95.66132379288892,
              29.54260407081031
            ],
            [
              -95.66116335371085,
              29.542763983682402
            ],
            [
              -95.66096573395946,
              29.54296095673668
            ],
            [
              -95.66089782461361,
              29.54298824624942
            ],
            [
              -95.66281459718607,
              29.56070431377705
            ],
            [
              -95.69769939120461,
              29.592271286496988
            ],
            [
              -95.69761547378658,
              29.588913811009295
            ],
            [
              -95.69748166094044,
              29.584019728618088
            ],
            [
              -95.69745304422591,
              29.583343289269926
            ],
            [
              -95.69733388277852,
              29.579013460222434
            ],
            [
              -95.69732372950588,
              29.57832609822085
            ],
            [
              -95.69726763329247,
              29.576595590066784
            ],
            [
              -95.69722413458663,
              29.5757834591538
            ],
            [
              -95.69718148525678,
              29.574231773294677
            ],
            [
              -95.69713828683172,
              29.572660085360255
            ],
            [
              -95.69758185896804,
              29.57134701372534
            ],
            [
              -95.69762363237541,
              29.571037621052927
            ],
            [
              -95.69770483807513,
              29.56966447764517
            ],
            [
              -95.69778429134352,
              29.568278202348004
            ],
            [
              -95.69783695953225,
              29.567359260886068
            ],
            [
              -95.69789862809606,
              29.566148651755313
            ],
            [
              -95.69788752319327,
              29.56482266777472
            ],
            [
              -95.69787930928663,
              29.564130746338293
            ],
            [
              -95.6978876937608,
              29.564055457802777
            ],
            [
              -95.69763662963032,
              29.564044108167604
            ],
            [
              -95.69542935691301,
              29.563960092937954
            ],
            [
              -95.69266506158272,
              29.56353735044173
            ],
            [
              -95.69131832310948,
              29.56333608064545
            ],
            [
              -95.69133244639089,
              29.563264311134695
            ],
            [
              -95.6911974554511,
              29.563243484599177
            ],
            [
              -95.69130302394574,
              29.56313733132768
            ],
            [
              -95.69141992022907,
              29.5630033717531
            ],
            [
              -95.69147268876097,
              29.562926531370014
            ],
            [
              -95.69151030722416,
              29.56285994743751
            ],
            [
              -95.6915373252017,
              29.562809251243166
            ],
            [
              -95.69165128419087,
              29.56258527820952
            ],
            [
              -95.69167799110822,
              29.562536691879775
            ],
            [
              -95.69173833777222,
              29.56243218527274
            ],
            [
              -95.69185584872015,
              29.56226049584746
            ],
            [
              -95.69199713037145,
              29.562088114359756
            ],
            [
              -95.69214113427492,
              29.561939242458696
            ],
            [
              -95.69217886928217,
              29.561897714831737
            ],
            [
              -95.69312121199259,
              29.56170139510827
            ],
            [
              -95.69376309160843,
              29.561591357354548
            ],
            [
              -95.69457086966099,
              29.561427592298898
            ],
            [
              -95.69502016228924,
              29.561337507138482
            ],
            [
              -95.69569763828886,
              29.56120952080968
            ],
            [
              -95.69533083990252,
              29.559840699785802
            ],
            [
              -95.69381201562115,
              29.560151793422065
            ],
            [
              -95.69264489323551,
              29.560020057262054
            ],
            [
              -95.69185947744226,
              29.55966780388421
            ],
            [
              -95.69161588721552,
              29.559285514212434
            ],
            [
              -95.69130023412578,
              29.559133166397014
            ],
            [
              -95.69106932583328,
              29.559245227673053
            ],
            [
              -95.69102659041349,
              29.55926573158597
            ],
            [
              -95.69091500625751,
              29.55931907857845
            ],
            [
              -95.69069177006338,
              29.559345867264433
            ],
            [
              -95.69063153243378,
              29.559340738993793
            ],
            [
              -95.6905765722963,
              29.55933839505261
            ],
            [
              -95.6905380447269,
              29.559338049998864
            ],
            [
              -95.69047003291669,
              29.559338979136044
            ],
            [
              -95.69044111001129,
              29.559339274321097
            ],
            [
              -95.6904157656846,
              29.55934029803264
            ],
            [
              -95.69038513016437,
              29.559341926443018
            ],
            [
              -95.69034678484236,
              29.559345901358483
            ],
            [
              -95.69030671290392,
              29.559351705603685
            ],
            [
              -95.68991173777125,
              29.559190230701937
            ],
            [
              -95.68995020896733,
              29.55911856836143
            ],
            [
              -95.68940086446528,
              29.558882134008595
            ],
            [
              -95.6889963059708,
              29.55959919380731
            ],
            [
              -95.68952989068194,
              29.55982929932671
            ],
            [
              -95.68927276361248,
              29.560296675750514
            ],
            [
              -95.68915604607461,
              29.560484189678434
            ],
            [
              -95.68899480023673,
              29.560759211284505
            ],
            [
              -95.68897167346871,
              29.560791719502372
            ],
            [
              -95.6889201115474,
              29.560864210129374
            ],
            [
              -95.68882604936869,
              29.56095975523049
            ],
            [
              -95.6887832210833,
              29.561003264401155
            ],
            [
              -95.68863643061083,
              29.561133186029778
            ],
            [
              -95.68835766668683,
              29.561275679947112
            ],
            [
              -95.68825998419263,
              29.56131866374041
            ],
            [
              -95.68816568468043,
              29.561360158844465
            ],
            [
              -95.68811407110698,
              29.561382880922757
            ],
            [
              -95.68803195668062,
              29.561407960827623
            ],
            [
              -95.68785404233472,
              29.561462299253986
            ],
            [
              -95.68780344348338,
              29.561473616234558
            ],
            [
              -95.6866584564855,
              29.561729062211448
            ],
            [
              -95.68674396110667,
              29.561545865251837
            ],
            [
              -95.68744345611417,
              29.560171852378936
            ],
            [
              -95.68761331829047,
              29.55983819388814
            ],
            [
              -95.68800830416762,
              29.55907774490204
            ],
            [
              -95.68829280517865,
              29.558434859793255
            ],
            [
              -95.68841496507409,
              29.558194184099342
            ],
            [
              -95.69007978643388,
              29.558877203808354
            ],
            [
              -95.69056920200653,
              29.559078040697678
            ],
            [
              -95.69058805969766,
              29.559050988626254
            ],
            [
              -95.69060890026022,
              29.558998023033546
            ],
            [
              -95.6907002264914,
              29.558811480839417
            ],
            [
              -95.69133224004148,
              29.558277612682758
            ],
            [
              -95.69170178002265,
              29.558140305584853
            ],
            [
              -95.69172916333336,
              29.55808976369514
            ],
            [
              -95.6911274975315,
              29.557850966046956
            ],
            [
              -95.69114024737385,
              29.557837937808916
            ],
            [
              -95.69151353980496,
              29.557688576388628
            ],
            [
              -95.69196818351807,
              29.557733726596766
            ],
            [
              -95.69199367886787,
              29.557692323200335
            ],
            [
              -95.69120480186312,
              29.557396681633218
            ],
            [
              -95.69100691557072,
              29.557803107776817
            ],
            [
              -95.6895872330907,
              29.557239627607657
            ],
            [
              -95.6893329073881,
              29.557742712482366
            ],
            [
              -95.6890186433637,
              29.557616128558426
            ],
            [
              -95.68891437497828,
              29.55782239326448
            ],
            [
              -95.68865725030116,
              29.55771882426887
            ],
            [
              -95.6890180978705,
              29.557014219980555
            ],
            [
              -95.68955814104328,
              29.556022126496387
            ],
            [
              -95.68968798853592,
              29.555739939838567
            ],
            [
              -95.68983076439893,
              29.55546249149267
            ],
            [
              -95.6899572238094,
              29.55521682273196
            ],
            [
              -95.69021229916102,
              29.554737007167795
            ],
            [
              -95.69104538728486,
              29.55514254169036
            ],
            [
              -95.69196084854869,
              29.55560368194573
            ],
            [
              -95.6929404150228,
              29.556109037132057
            ],
            [
              -95.69309856625009,
              29.555888363508107
            ],
            [
              -95.69346282058082,
              29.555313243392206
            ],
            [
              -95.6938615204924,
              29.554636263587085
            ],
            [
              -95.69414373155543,
              29.55412149281573
            ],
            [
              -95.69451773830912,
              29.55342410669239
            ],
            [
              -95.69490552515049,
              29.552697566412256
            ],
            [
              -95.69507329225326,
              29.552346998378788
            ],
            [
              -95.69529969461053,
              29.55175731785447
            ],
            [
              -95.69543328768134,
              29.55143236928224
            ],
            [
              -95.69564164146075,
              29.550976672146874
            ],
            [
              -95.69593212921728,
              29.55033132605897
            ],
            [
              -95.69613711010958,
              29.549888785624443
            ],
            [
              -95.69649971160061,
              29.549182700549856
            ],
            [
              -95.69654939881934,
              29.549076345216225
            ],
            [
              -95.69678916186305,
              29.54852153169789
            ],
            [
              -95.69688421452528,
              29.548349914099873
            ],
            [
              -95.69711403775001,
              29.54791310921748
            ],
            [
              -95.6973627997199,
              29.547420419949106
            ],
            [
              -95.69779446581504,
              29.54652740367161
            ],
            [
              -95.6980950218879,
              29.545914662986114
            ]
          ]
        ]
      }
    },
    {
      "type": "Feature",
      "properties": {
        "station_id": "Sugar Land Fire Station 7",
        "station_name": "Station 7",
        "district_count": 8,
        "total_incidents": 1504,
        "avg_cross_district_rate": 0.34773936170212766
      },
      "geometry": {
        "type": "Polygon",
        "coordinates": [
          [
            [
              -95.69789927588593,
              29.600100050597135
            ],
            [
              -95.69785608341898,
              29.598549655900047
            ],
            [
              -95.69780744203344,
              29.59624403616894
            ],
            [
              -95.69770929699187,
              29.592667609914745
            ],
            [
              -95.69769939120461,
              29.592271286496988
            ],
            [
              -95.66281459718607,
              29.56070431377705
            ],
            [
              -95.63937149626598,
              29.57958723295233
            ],
            [
              -95.637167087462,
              29.592374816165986
            ],
            [
              -95.67434922761903,
              29.632127598576723
            ],
            [
              -95.67434902404517,
              29.6318996071557
            ],
            [
              -95.67437885280867,
              29.62937394392116
            ],
            [
              -95.67436990853056,
              29.62530543372114
            ],
            [
              -95.67427751976146,
              29.622082551590687
            ],
            [
              -95.67421749778461,
              29.62005845378655
            ],
            [
              -95.67426502169748,
              29.62002074333899
            ],
            [
              -95.67414344543906,
              29.616506857305303
            ],
            [
              -95.6741195985065,
              29.614917865325598
            ],
            [
              -95.67403885931272,
              29.612272599768357
            ],
            [
              -95.67400494475919,
              29.610786981561965
            ],
            [
              -95.67400352306288,
              29.610725086181702
            ],
            [
              -95.67399981906,
              29.610561891311693
            ],
            [
              -95.67390021992162,
              29.606173028499963
            ],
            [
              -95.67388416243725,
              29.605465396891663
            ],
            [
              -95.67388129804323,
              29.605183011087796
            ],
            [
              -95.67387781411401,
              29.60483947725813
            ],
            [
              -95.67386842747405,
              29.60371723880302
            ],
            [
              -95.67261624468664,
              29.604174837310108
            ],
            [
              -95.67140975102866,
              29.604616672757146
            ],
            [
              -95.67033256870123,
              29.60500764708648
            ],
            [
              -95.66918108253905,
              29.605429211000544
            ],
            [
              -95.66804888636557,
              29.6058378875155
            ],
            [
              -95.66694238555725,
              29.60624841241032
            ],
            [
              -95.66501577881078,
              29.606953834970216
            ],
            [
              -95.66418364385886,
              29.60725555764781
            ],
            [
              -95.66299063740512,
              29.60768960887071
            ],
            [
              -95.66058679821137,
              29.60858828305042
            ],
            [
              -95.66055906767185,
              29.608082741813064
            ],
            [
              -95.66208202865275,
              29.60753479761835
            ],
            [
              -95.66227254646242,
              29.607466209598854
            ],
            [
              -95.66300769642471,
              29.607167397195877
            ],
            [
              -95.66381377408705,
              29.606873097961838
            ],
            [
              -95.66512311895637,
              29.606395383390094
            ],
            [
              -95.66892499084132,
              29.60500407463737
            ],
            [
              -95.67385978121362,
              29.60320414687736
            ],
            [
              -95.67418358788072,
              29.603093018318425
            ],
            [
              -95.67480262646603,
              29.602900722880666
            ],
            [
              -95.67572060402274,
              29.602657571496472
            ],
            [
              -95.67701375127302,
              29.60239204845583
            ],
            [
              -95.67782640011959,
              29.60227074422714
            ],
            [
              -95.6784547014299,
              29.602196963852514
            ],
            [
              -95.6798930057431,
              29.602042592655053
            ],
            [
              -95.68920897907498,
              29.60101592267048
            ],
            [
              -95.69371085397738,
              29.600539055103617
            ],
            [
              -95.69789927588593,
              29.600100050597135
            ]
          ],
          [
            [
              -95.69003418500688,
              29.59616931243934
            ],
            [
              -95.68806240119098,
              29.59619994177558
            ],
            [
              -95.68769937954482,
              29.596204271641806
            ],
            [
              -95.68268787739551,
              29.596286456856465
            ],
            [
              -95.68267660909028,
              29.595683380417178
            ],
            [
              -95.68280703847267,
              29.595682023780476
            ],
            [
              -95.6828351764455,
              29.59568312946851
            ],
            [
              -95.68333448083472,
              29.595675258477268
            ],
            [
              -95.68333712191105,
              29.595828973674426
            ],
            [
              -95.68354395118737,
              29.59582624826362
            ],
            [
              -95.68354272992481,
              29.595823367474978
            ],
            [
              -95.68354079588285,
              29.59581880456205
            ],
            [
              -95.68354004682305,
              29.595817062867315
            ],
            [
              -95.68353819482243,
              29.595813186183666
            ],
            [
              -95.68353505558731,
              29.59580661572588
            ],
            [
              -95.68353177136261,
              29.59579973929187
            ],
            [
              -95.68352917854506,
              29.595794312475604
            ],
            [
              -95.68352588072239,
              29.595787409527947
            ],
            [
              -95.68352471437669,
              29.59578496877989
            ],
            [
              -95.6835207250603,
              29.59577661891982
            ],
            [
              -95.68351854815491,
              29.595772060817424
            ],
            [
              -95.68351624351806,
              29.595767237785076
            ],
            [
              -95.68351470966994,
              29.595764027909826
            ],
            [
              -95.68351304921012,
              29.595760550424394
            ],
            [
              -95.68351094280959,
              29.59575614300411
            ],
            [
              -95.68350970206674,
              29.595753544256077
            ],
            [
              -95.68350824845746,
              29.59575050335691
            ],
            [
              -95.68350651837953,
              29.595746879724384
            ],
            [
              -95.68350473499727,
              29.59574314825972
            ],
            [
              -95.68350342456276,
              29.595740341983745
            ],
            [
              -95.68349485000094,
              29.595720301287706
            ],
            [
              -95.68346316306516,
              29.59564623733132
            ],
            [
              -95.68343716908554,
              29.595574906859976
            ],
            [
              -95.68337545240081,
              29.595396857095867
            ],
            [
              -95.68336136844559,
              29.595351502670596
            ],
            [
              -95.6833457238091,
              29.595297147311648
            ],
            [
              -95.68334544214517,
              29.595296151945977
            ],
            [
              -95.68334516871506,
              29.595295189279202
            ],
            [
              -95.68334481749882,
              29.595293950283683
            ],
            [
              -95.68334451358515,
              29.59529287673997
            ],
            [
              -95.68334428462528,
              29.595292071331176
            ],
            [
              -95.68334399452256,
              29.595291049579902
            ],
            [
              -95.68333941369359,
              29.595274896231015
            ],
            [
              -95.683331875374,
              29.59521758623555
            ],
            [
              -95.68333261616736,
              29.595094371775055
            ],
            [
              -95.68333395501129,
              29.594871782348168
            ],
            [
              -95.68333412083989,
              29.594844176729733
            ],
            [
              -95.68332044053098,
              29.59420192664722
            ],
            [
              -95.68330366472627,
              29.593414338086472
            ],
            [
              -95.68327600166548,
              29.59211557458866
            ],
            [
              -95.68325635658643,
              29.59119326143265
            ],
            [
              -95.68324054773119,
              29.590451035559784
            ],
            [
              -95.68328773589369,
              29.59045378152215
            ],
            [
              -95.68327166601276,
              29.589615195607887
            ],
            [
              -95.68325905742658,
              29.588957204086018
            ],
            [
              -95.68325277291879,
              29.588629223337335
            ],
            [
              -95.68324166887069,
              29.58804967718221
            ],
            [
              -95.68404248462805,
              29.588020649253508
            ],
            [
              -95.68484816289164,
              29.588007824689786
            ],
            [
              -95.68566865621166,
              29.58798901592471
            ],
            [
              -95.68628336781973,
              29.587971142461907
            ],
            [
              -95.68724264753216,
              29.58794343468859
            ],
            [
              -95.68771681120492,
              29.587932237636174
            ],
            [
              -95.68822281609984,
              29.58792121883256
            ],
            [
              -95.68878336175106,
              29.587906927595178
            ],
            [
              -95.6891923543107,
              29.587898393317225
            ],
            [
              -95.68945168878956,
              29.587893613501656
            ],
            [
              -95.68969556024369,
              29.587882967943575
            ],
            [
              -95.68985989860654,
              29.587875794094945
            ],
            [
              -95.68989089746044,
              29.589503359566635
            ],
            [
              -95.68989129583484,
              29.589524250921773
            ],
            [
              -95.68989257719457,
              29.5895913725849
            ],
            [
              -95.68989361839567,
              29.589645949838307
            ],
            [
              -95.68989406142131,
              29.589669161160135
            ],
            [
              -95.68989492967586,
              29.58969502681389
            ],
            [
              -95.68989695421566,
              29.58975540163424
            ],
            [
              -95.68989919384688,
              29.589822144431228
            ],
            [
              -95.68990129171344,
              29.58988468738161
            ],
            [
              -95.68990316093694,
              29.589940388136377
            ],
            [
              -95.68990563983999,
              29.59001428299055
            ],
            [
              -95.6899084783387,
              29.590098916330884
            ],
            [
              -95.68991126278046,
              29.590181902833265
            ],
            [
              -95.68991512194914,
              29.590296943123434
            ],
            [
              -95.68991620552876,
              29.590329233621393
            ],
            [
              -95.68992214754375,
              29.59062346363084
            ],
            [
              -95.68992757516028,
              29.590892158968888
            ],
            [
              -95.68992938435235,
              29.59098175657205
            ],
            [
              -95.689938774887,
              29.591446687363714
            ],
            [
              -95.68994989600526,
              29.591997333324905
            ],
            [
              -95.68995531621609,
              29.592265719690502
            ],
            [
              -95.68995828965781,
              29.592412922244545
            ],
            [
              -95.68996258696394,
              29.592625713887568
            ],
            [
              -95.68997385975953,
              29.593183832721333
            ],
            [
              -95.68998342864704,
              29.593657585485666
            ],
            [
              -95.68999077156298,
              29.59402112868867
            ],
            [
              -95.68999574361422,
              29.59426729639439
            ],
            [
              -95.68999955516799,
              29.594455999134887
            ],
            [
              -95.69001047295734,
              29.594996553662988
            ],
            [
              -95.69001773181324,
              29.595355906459606
            ],
            [
              -95.69002493695457,
              29.595712646584236
            ],
            [
              -95.69003268143717,
              29.59609603666289
            ],
            [
              -95.69003383472646,
              29.59615315209406
            ],
            [
              -95.69003418500688,
              29.59616931243934
            ]
          ]
        ]
      }
    }
  ]
}